accuracy,f1,Precision,Recall,roc_auc,model
0.8145314988382111,0.36886993603411516,0.30493537015276145,0.46672661870503596,0.7555814564121853,BestModel
