accuracy,f1,precision,recall,roc_auc,model
0.7521017179259568,0.3568380410485674,0.2553562772661173,0.5921762589928058,0.7543502671278233,MLP
