accuracy,f1,Precision,Recall,roc_auc,model
0.7767479504986685,0.35430038510911427,0.2667424673109721,0.5274280575539568,0.7450202610405325,Xgb
0.7435381964388282,0.3531968130638045,0.24974392401527143,0.6029676258992805,0.7509844962689978,Lgb
