accuracy,f1,Precision,Recall,roc_auc,model
0.7439820374915148,0.35342212844520643,0.25004665049449526,0.6025179856115108,0.7524497320380831,baseRandomForest
0.6744556420030285,0.3307390907627073,0.21723189734188816,0.6926708633093526,0.7485520769890851,baseLogReg
0.656858649678868,0.2890679937253205,0.19032694636370112,0.6007194244604317,0.6828050681980556,baseDecisionTree
