Метрика,Бейзлайн (test),Лог.регрессия (test),Улучшение
Accuracy,0.59,0.805,0.21500000000000008
Precision,0.4108527131782946,0.8056872037914692,0.3948344906131746
Recall,0.43089430894308944,0.6910569105691057,0.26016260162601623
F1-score,0.42063492063492064,0.7439824945295405,0.3233475738946198
ROC-AUC,0.5007578889348215,0.8749598089201231,0.3742019199853016
