accuracy,f1,Precision,Recall,roc_auc,model
0.8144744399770247,0.3650822015725518,0.3029359430604982,0.45930755395683454,0.7499127986852557,RandomForest
0.8141350321132056,0.3637501117168648,0.3018839934727785,0.4575089928057554,0.7515260329693356,BeterRandomForest
0.6741162341392094,0.3305084745762712,0.21703296703296704,0.6926708633093526,0.7485400437256386,LogReg
0.6848206359981202,0.3187358916478555,0.21277878239903555,0.6348920863309353,0.7256722974990363,DecisionTree
